neighborhood,zipcode
Financial District,10004
Financial District,10005
Financial District,10006
Financial District,10038
Greenwich Village and Soho,10012
Greenwich Village and Soho,10013
Greenwich Village and Soho,10014
Lower East Side and Chinatown,10002
Lower East Side and Chinatown,10003
Lower East Side and Chinatown,10009
Clinton and Chelsea,10001
Clinton and Chelsea,10011
Clinton and Chelsea,10018
Clinton and Chelsea,10019
Clinton and Chelsea,10020
Clinton and Chelsea,10036
Midtown,10022
Midtown,10019
Stuyvesant Town and Turtle Bay,10009
Stuyvesant Town and Turtle Bay,10017
Upper West Side,10023
Upper West Side,10024
Upper West Side,10025
Upper East Side,10021
Upper East Side,10028
Upper East Side,10044
Upper East Side,10065
Upper East Side,10075
Upper East Side,10128
Morningside Heights and Hamilton Heights,10024
Morningside Heights and Hamilton Heights,10025
Morningside Heights and Hamilton Heights,10031
Morningside Heights and Hamilton Heights,10032
Morningside Heights and Hamilton Heights,10039
Central Harlem,10024
Central Harlem,10025
Central Harlem,10031
Central Harlem,10032
East Harlem,10029
East Harlem,10035
Washington Heights and Inwood,10031
Washington Heights and Inwood,10032
Washington Heights and Inwood,10033
Washington Heights and Inwood,10034
Washington Heights and Inwood,10040
Mott Haven and Melrose,10451
Mott Haven and Melrose,10454
Mott Haven and Melrose,10455
Mott Haven and Melrose,12121
Hunts Point and Longwood,10459
Hunts Point and Longwood,10474
Hunts Point and Longwood,10455
Morrisania and Crotona,10456
Morrisania and Crotona,10459
Highbridge and Concourse,10452
Highbridge and Concourse,10456
Fordham and University Heights,10457
Fordham and University Heights,10468
Fordham and University Heights,10453
Belmont and East Tremont,10457
Belmont and East Tremont,10460
Kingsbridge Heights and Bedford,10463
Kingsbridge Heights and Bedford,10458
Riverdale and Fieldston,10471
Riverdale and Fieldston,10463
Parkchester and Soundview,10462
Parkchester and Soundview,10473
Throgs Neck and Co-op City,10465
Throgs Neck and Co-op City,10475
Morris Park and Bronxdale,10461
Morris Park and Bronxdale,10467
Morris Park and Bronxdale,10469
Williamsbridge and Baychester,10466
Williamsbridge and Baychester,10467
Williamsbridge and Baychester,10469
Greenpoint and Williamsburg,11211
Greenpoint and Williamsburg,11222
Greenpoint and Williamsburg,11206
Fort Greene and Brooklyn Heights,11238
Fort Greene and Brooklyn Heights,11201
Fort Greene and Brooklyn Heights,11205
Fort Greene and Brooklyn Heights,11217
Bedford Stuyvesant,11206
Bedford Stuyvesant,11216
Bedford Stuyvesant,11221
Bedford Stuyvesant,11233
Bedford Stuyvesant,11238
Bushwick,11207
Bushwick,11221
Bushwick,11237
East New York and Starrett City,11208
East New York and Starrett City,11239
Park Slope and Carroll Gardens,11217
Park Slope and Carroll Gardens,11215
Park Slope and Carroll Gardens,11231
Sunset Park,11220
Sunset Park,11232
Crown Heights and Prospect Heights,11225
Crown Heights and Prospect Heights,11213
South Crown Heights and Lefferts Gardens,11238
South Crown Heights and Lefferts Gardens,11225
Bay Ridge and Dyker Heights,11228
Bay Ridge and Dyker Heights,11209
Bensonhurst,11214
Bensonhurst,11223
Bensonhurst,11204
Bensonhurst,11230
Borough Park,11204
Borough Park,11218
Borough Park,11219
Borough Park,11220
Coney Island,11224
Coney Island,11235
Flatbush and Midwood,11203
Flatbush and Midwood,11225
Flatbush and Midwood,11210
Flatbush and Midwood,11226
Sheepshead Bay,11235
Brownsville,11212
Brownsville,11233
East Flatbush,11203
Flatlands and Canarsie,11234
Flatlands and Canarsie,11236
Flatlands and Canarsie,11239
Long Island City and Astoria,11109
Long Island City and Astoria,11120
Long Island City and Astoria,10001
Long Island City and Astoria,10003
Long Island City and Astoria,10004
Long Island City and Astoria,10005
Long Island City and Astoria,10002
Woodside and Sunnyside,11377
Woodside and Sunnyside,11104
Jackson Heights,11372
Elmhurst and Corona,11368
Elmhurst and Corona,11373
Ridgewood and Maspeth,11385
Ridgewood and Maspeth,11378
Rego Park and Forest Hills,11374
Rego Park and Forest Hills,11375
Flushing and Whitestone,11355
Flushing and Whitestone,11357
Hillcrest and Fresh Meadows,11365
Hillcrest and Fresh Meadows,11366
Kew Gardens and Woodhaven,11415
Kew Gardens and Woodhaven,11421
South Ozone Park and Howard Beach,11420
South Ozone Park and Howard Beach,11414
Bayside and Little Neck,11359
Bayside and Little Neck,11360
Bayside and Little Neck,11361
Bayside and Little Neck,11364
Bayside and Little Neck,11362
Bayside and Little Neck,11363
Jamaica and Hollis,11412
Jamaica and Hollis,11423
Jamaica and Hollis,11432
Jamaica and Hollis,11433
Jamaica and Hollis,11435
Jamaica and Hollis,11436
Jamaica and Hollis,11434
Queens Village,11427
Queens Village,11428
Queens Village,11429
Rockaway and Broad Channel,11096
Rockaway and Broad Channel,11690
Rockaway and Broad Channel,11691
Rockaway and Broad Channel,11692
Rockaway and Broad Channel,11693
Rockaway and Broad Channel,11694
Rockaway and Broad Channel,11695
Rockaway and Broad Channel,11697
St. George and Stapleton,10301
St. George and Stapleton,10304
St. George and Stapleton,10305
South Beach and Willowbrook,10305
South Beach and Willowbrook,10314
Tottenville and Great Kills,10307
Tottenville and Great Kills,10308
